CustomerID,FirstName,LastName,Email,PhoneNumber,Address,City,State,PostalCode,Country,JoinDate,PreferredContactMethod
1,Kathleen,Rivera,kevin07@gmail.com,(565)027-4570x891,634 Johnny Dale,Morganton,MO,84371,Canada,2023-11-04,Email
2,Brittney,Mcgee,zmoss@gmail.com,702.747.4321x03554,78185 Shaw Hollow Suite 168,North Pamela,ND,96283,UK,2024-06-03,Phone
3,Rebekah,Bass,davidmoore@kidd-kelly.com,8431085139,1219 Andrew Alley,North Karen,AZ,42284,Japan,2023-12-01,Mail
4,Sarah,Parker,andrea37@baker.com,001-444-584-4319x897,9142 Daniel Courts,Mcdonaldberg,SC,9842,Italy,2024-03-04,Phone
5,Nicholas,Bennett,emejia@green.com,+1-191-773-9723,40893 Gordon River,New Steven,PA,58485,India,2023-10-30,Phone
6,Jesse,Sharp,barajasandrea@galvan.net,745-320-2232,55928 Andrew Estate Apt. 786,Lake Margaretfurt,NM,47136,South Africa,2024-05-23,Email
7,Lisa,Kent,djames@yahoo.com,2951435286,964 Robbins Circle,West Brianborough,AL,40339,Japan,2024-07-11,Phone
8,Lisa,Freeman,adamsevan@hotmail.com,(816)169-1238x73927,89674 Brian Prairie,North Davidbury,NM,99526,Germany,2023-11-20,Mail
9,Ryan,Hahn,robin43@gmail.com,2694553167,21945 Scott Dale Suite 109,Lake Anthony,WY,68870,India,2023-10-13,Mail
10,Kimberly,White,kenneth68@hall.com,6465466713,51970 Miller Manor,Kimberlyport,TN,81434,India,2023-12-18,Phone
11,William,Delacruz,ygarcia@yahoo.com,+1-746-667-5663x6165,7421 Adams Estate Suite 640,East Joseph,MO,95392,Brazil,2024-05-11,Email
12,Heidi,Thomas,millerjonathon@schroeder-ward.com,657-431-0971,2657 Renee Meadow Suite 058,Meghanberg,CO,19309,India,2024-03-06,Mail
13,Cynthia,Reed,zhernandez@james.com,001-561-321-2076x916,9884 Lisa Gateway Apt. 441,Christinaburgh,RI,42992,UK,2023-09-01,Mail
14,Christian,Baldwin,jamesshepard@pierce-thomas.info,689-409-1776x774,49519 Richard Street,South Rachel,ND,50719,France,2024-02-18,Mail
15,Patricia,Miller,dnash@lynch-contreras.com,+1-429-733-6739x9959,4342 Jimenez Brooks,Michelleshire,NY,89033,UK,2024-02-10,Mail
16,Barbara,Kline,nguyenmary@yahoo.com,+1-688-884-1147x8053,93445 Matthews Mills Apt. 963,Port Timothy,FL,53009,Canada,2023-12-23,Mail
17,Jeremiah,Spencer,riveraeric@hotmail.com,570.736.5817,4561 Smith Keys Apt. 405,Lynnfort,TX,95878,Italy,2024-08-03,Mail
18,Lauren,Smith,jessicamason@yahoo.com,(012)566-0284x038,335 Mckenzie Ferry Suite 415,Davidhaven,HI,91143,UK,2024-04-29,Mail
19,Patricia,Ballard,ybrown@vasquez-williams.com,+1-095-266-3367x91842,9344 Ashlee Underpass Suite 194,Reedchester,NJ,68150,UK,2023-09-06,Email
20,Spencer,Rogers,dicksonvanessa@gmail.com,(208)416-1506x0508,0801 Wilson Tunnel,North Shannon,OK,56026,Japan,2024-06-02,Email
21,Randy,Walsh,nriddle@yahoo.com,(100)351-8522x0224,826 Brittany Keys,Haleyton,HI,58061,Japan,2023-12-05,Mail
22,Matthew,Gonzales,gobrien@murray-grant.com,612.779.0100x125,626 Wilson View,East Normaburgh,WY,56326,South Africa,2024-03-03,Email
23,Marie,Coleman,elijahstevens@yahoo.com,001-427-096-6126x305,48495 Amber Forge Suite 903,Evansport,UT,45112,UK,2024-03-22,Phone
24,Phillip,Gonzalez,perezkirsten@hotmail.com,001-810-808-0381,143 King Lakes Suite 126,New Danielleland,WA,56040,Canada,2024-05-05,Mail
25,Erika,Rogers,jacob45@yahoo.com,(042)972-7894,7097 James Fall,Port Lisaview,NH,59133,Italy,2024-06-08,Phone
26,Laura,Hall,heather09@scott-johnson.com,6964439599,9552 Williams Streets Suite 715,New Jamie,IA,95544,Japan,2024-08-07,Phone
27,Aimee,Simmons,joseph80@hotmail.com,4007427503,8254 Scott Manors,Danielchester,NJ,88557,Australia,2024-01-10,Mail
28,William,Bishop,vyates@yahoo.com,479.213.5882x722,125 Kylie Alley,Rossview,OH,78596,Canada,2024-05-23,Phone
29,Paul,Costa,angelawilliams@gmail.com,170-968-6591x3165,0171 Smith Hill Apt. 634,Lake Jeremyton,AR,55473,France,2024-06-20,Email
30,Gregory,Lee,deborahcharles@crosby-scott.net,(585)731-8018,179 Curtis Meadow Apt. 247,Port Erika,VT,56934,Canada,2024-01-23,Mail
31,Richard,Jennings,vstephens@hotmail.com,(692)372-2021x19046,21854 Kyle Center,Rebeccaborough,KY,30924,South Africa,2024-03-20,Email
32,Brandon,Gonzalez,mayofelicia@hotmail.com,285.824.7507,724 David Grove Apt. 996,North Ericport,NJ,13998,Australia,2023-09-24,Phone
33,Joel,Delgado,yedwards@gmail.com,687-272-0401x7319,042 Jacob Hills Apt. 774,Watkinsborough,AK,80785,Canada,2024-04-16,Phone
34,Lindsey,White,yjohns@gmail.com,(828)253-0703x5111,71026 Jones Plaza Apt. 142,Craigtown,KY,67433,India,2023-10-26,Phone
35,Harold,Peters,phillipsmark@lynn.com,(488)697-4020,739 Terry Forest Apt. 822,Salazarton,IL,4889,Japan,2024-05-09,Phone
36,Ashley,Hanna,lisajohnson@hess.com,001-219-058-2859,71943 Shelby Inlet Suite 977,Martinstad,NM,89310,Japan,2024-06-02,Phone
37,Ryan,Holmes,nicholsmarvin@ponce.biz,(829)581-4952x4823,4324 Higgins Lock,Rebeccafurt,MN,81695,France,2024-07-15,Email
38,Stephanie,Turner,sethmcgee@smith.com,418-187-6275,616 Williams Point Suite 923,Chandlerport,MT,83382,Canada,2024-01-06,Mail
39,Michael,Benson,jenniferhart@wallace.com,240-868-7474x295,537 Roy Mission,Phillipberg,MD,69987,South Africa,2024-08-12,Phone
40,Crystal,Lewis,seansalinas@gmail.com,214.044.4306x575,8771 Stanley Grove,Reneetown,IL,56009,India,2024-01-17,Mail
41,Meredith,Hawkins,spencermarissa@gmail.com,5189658810,1600 Smith Gateway Suite 214,Lake Calebstad,SC,26847,Australia,2024-07-17,Email
42,Brian,Campbell,nscott@barker.com,(301)217-1116,677 Lynch Rue,Rachelbury,KY,91161,Australia,2024-03-21,Phone
43,Kevin,Smith,samuel32@marquez-collins.com,974-269-1255,545 Sara Gardens,Adamsburgh,NC,55296,France,2024-04-26,Phone
44,David,Schultz,fwiley@gmail.com,(892)880-5196,092 Joseph Ranch,West Nicholasmouth,IN,99809,Brazil,2024-02-28,Phone
45,Mark,Yates,kelly26@aguilar.com,477-143-5207,19412 Allen Keys,Murphyland,AL,24932,South Africa,2024-06-06,Phone
46,Steven,Shaw,jennifervaldez@skinner-patel.info,140-464-3001x1318,8601 Coleman Gateway Suite 509,Lake Timothy,ID,25231,France,2024-07-11,Email
47,Phyllis,Rivera,samuel47@hotmail.com,336.805.4484x6430,578 Russell Square Suite 675,East Kimberlyport,GA,34367,Germany,2023-09-13,Email
48,Jenny,Russell,uwilliams@shaw.com,001-000-174-2217,03773 Smith Oval,Lake Donald,IN,36161,Italy,2023-08-22,Email
49,William,Frank,scott05@carr.net,001-137-584-8149x23270,73385 Jennifer Drive Apt. 162,West Jamesport,AK,55680,India,2024-06-14,Email
50,Mikayla,Hughes,brittany40@yahoo.com,+1-620-164-7111x61219,07059 Taylor Harbors Suite 081,Port Christopher,ME,42039,Australia,2024-07-19,Phone
51,Anthony,Smith,kimberlyacevedo@becker-stokes.com,4010127905,7169 Wong Isle,Meganmouth,MT,50950,Japan,2024-06-02,Email
52,Jessica,Dennis,myang@castro-mata.com,(725)606-3556x222,7938 Rodgers Spurs,East Glenn,OR,5357,Japan,2024-01-08,Mail
53,Jamie,Rodriguez,ythompson@hotmail.com,391-840-0958,32941 Brown Ville Apt. 686,West Alexandrachester,CA,31547,France,2023-12-15,Phone
54,Robert,Sanford,omarfranklin@jones.com,988.379.7265,661 Nathaniel Locks,West Brendaburgh,MT,31258,Canada,2024-01-03,Mail
55,James,Scott,ejohnson@hotmail.com,(631)361-7104x22248,3110 Dawn Manor,West Kathryn,GA,18671,South Africa,2024-08-15,Phone
56,Benjamin,Cochran,greenetrevor@gmail.com,(786)419-9461,62367 Curtis Squares Suite 304,Port Renee,IL,74103,Germany,2024-05-18,Email
57,Mitchell,Ruiz,james71@gonzalez.com,001-298-229-3645,642 Susan Village,North Kaitlin,OH,40046,Australia,2024-03-27,Email
58,Lee,Woodard,nhoover@gmail.com,+1-314-046-4820,92178 Kylie Fields,North Nicholas,CT,56003,Canada,2024-07-15,Email
59,Linda,Meza,monique03@walker.com,+1-797-370-9747x23124,379 Abbott Rapids,West Savannah,SC,88363,Italy,2023-11-04,Phone
60,Stacy,Long,nicoleaguirre@tucker-roberts.com,719.414.8211x7076,527 Taylor Harbor,West Bianca,UT,15329,India,2024-02-03,Phone
61,Julie,Lewis,angelamiller@nash-smith.com,111.617.4531x45857,05330 Brown Square Suite 359,Robinbury,NJ,95651,Italy,2023-09-20,Mail
62,Nicole,Smith,thompsonbrooke@yahoo.com,984.223.7840x8165,4803 Aaron Circles,Port Moniqueburgh,NJ,29945,Brazil,2023-11-12,Mail
63,Paul,Schaefer,gwalker@gmail.com,240-721-7564,912 Norris Path Apt. 293,Alexisstad,IL,70331,Italy,2024-06-06,Mail
64,Pamela,Ford,meyersrenee@hicks-mercer.com,343-400-6873,13483 Bell Path Suite 049,West Paulfort,MD,15687,Canada,2023-10-02,Mail
65,Mark,Lester,derek69@hotmail.com,888-944-1190x65305,42909 Bass Roads Apt. 081,Lake Arthur,MN,49111,Italy,2023-12-29,Phone
66,Linda,Stevens,frederickmark@hotmail.com,+1-392-231-8399x6528,285 Brian Groves,South Isaiah,DC,93939,India,2024-04-20,Mail
67,Allen,Johnson,david89@gmail.com,406-016-5512,1067 Laura Run Suite 834,South Ryan,LA,15373,India,2024-01-21,Mail
68,Leah,Martin,jeffrey18@stevenson-ellis.info,985.870.1488,342 Martin Mountain,Vaughanburgh,RI,77130,UK,2024-08-09,Mail
69,Vincent,Ramsey,henrypaul@koch.com,+1-176-390-9023x4293,69957 Jennifer Roads Apt. 722,North Laurenburgh,WY,58949,South Africa,2023-11-29,Email
70,Thomas,King,jessicasmith@brennan.com,001-865-703-4459,41449 Smith Plaza Suite 528,Erinberg,AZ,3202,Australia,2023-10-01,Phone
71,Alex,Johnson,catherinearnold@gmail.com,552.983.3307x9953,9119 Allen Spurs,South Williamport,TN,58203,France,2023-09-17,Phone
72,Michele,Santana,hhudson@hotmail.com,001-929-618-4600x8958,5121 Hughes Courts,South Todd,OK,46202,Brazil,2023-10-02,Mail
73,Brandon,Gallegos,fwilson@gmail.com,(642)913-0759,5200 Michael Underpass,Velazquezberg,LA,77269,Italy,2023-08-23,Mail
74,Megan,Raymond,julia69@yahoo.com,(634)206-7150x4701,6509 Morgan Passage,New Tonya,NJ,95312,Brazil,2023-10-31,Phone
75,Christopher,Lee,alvarezstephen@hotmail.com,4897090686,208 Christopher Prairie,North Aprilton,NE,81390,Japan,2024-02-09,Mail
76,Steve,Austin,bianca77@gmail.com,+1-883-107-3369x71777,79798 Sophia Inlet Suite 338,Williamsshire,FL,29597,Japan,2023-10-08,Phone
77,Meghan,Morgan,qmendez@hogan-shepherd.com,(139)350-0982x52504,03465 Gomez Burgs,North David,SD,55383,Japan,2023-09-20,Phone
78,Marissa,Holmes,trandarrell@griffin.com,(725)001-5827,9004 Castro Corners Apt. 937,Charlesport,MI,18005,Canada,2024-06-18,Email
79,Matthew,Campbell,bentonpatrick@russell.net,(180)728-8855x6175,424 Bryan Haven,Georgefort,AL,39162,Japan,2023-09-26,Mail
80,Marcia,Lowery,melissa27@yahoo.com,(292)472-9122x142,32741 Ross Falls Suite 973,New Paul,MN,84488,Japan,2024-02-13,Phone
81,Kara,Blackwell,joshuasanders@yahoo.com,+1-914-286-0557,2283 Kelly Trail Suite 514,Carolbury,UT,13056,Germany,2024-02-02,Phone
82,Deborah,Hunt,holly34@thomas.info,155-808-2645x73805,933 Hunter Turnpike,Lake Christopher,NH,79211,Italy,2023-11-05,Phone
83,Joseph,Velasquez,lsmith@hotmail.com,+1-047-327-0409,50689 Harris Estate,Shaneburgh,IN,5210,South Africa,2024-06-01,Email
84,Laura,Murphy,phillip42@norton-rowland.com,745.709.0502x1658,842 White Rapid,North Candacebury,FL,77835,Japan,2024-03-09,Phone
85,Keith,Jackson,elizabeth04@hotmail.com,552.126.2610x8624,0566 Collins Streets Suite 747,Lake Lauramouth,NC,87972,Brazil,2023-10-13,Phone
86,Ryan,Johnson,reginald23@richards-miranda.com,125.948.2267x7005,635 Amber Avenue,Bryanchester,IL,5590,Germany,2024-02-07,Mail
87,Michael,Avila,sarah82@yahoo.com,001-772-399-2584x487,479 Jason Lock Apt. 020,North Nathan,RI,45188,Japan,2023-09-18,Phone
88,Edward,Alvarado,ddiaz@gmail.com,+1-970-754-0579x304,4572 Hayes Mountains Suite 753,Harrisburgh,AZ,1744,Italy,2024-06-20,Email
89,Kelly,Peck,twalker@oconnor.com,196.180.6892,0276 Desiree Grove,Port Sandra,AL,54783,Japan,2024-07-31,Mail
90,Nathaniel,Wiley,rgarcia@velez.com,367.351.7344,804 Roberts Square,Marquezfort,SD,83865,Japan,2024-06-18,Mail
91,Julia,Riley,garretthanson@gmail.com,+1-834-105-8718x885,757 Michelle Crescent Apt. 517,East Anne,NC,11109,Brazil,2024-03-01,Phone
92,Anita,Lucas,nicholasdiaz@hotmail.com,717-589-4190,1037 Boyer Roads Suite 717,Greenview,WI,77215,UK,2024-02-14,Email
93,Michael,Smith,sandersdarin@miller.net,7677122384,37159 Laura Circle,Erikchester,MA,2564,Australia,2023-10-14,Phone
94,Valerie,Brown,ryanmurphy@keller-gates.com,072.211.2095,619 Ashley Stravenue Apt. 335,Markland,ME,30880,Australia,2024-07-29,Email
95,Jonathan,Brown,heathernichols@hotmail.com,001-002-880-4374x036,362 Richard Lodge Suite 591,Lake Robert,VA,79657,Canada,2023-12-04,Phone
96,Kelly,Lyons,tgreen@hall.com,4463697444,737 Dixon Station,North Ryan,MN,59013,South Africa,2024-04-14,Phone
97,Robyn,Sanchez,charles86@yahoo.com,(537)669-2293x649,69970 Crystal Spurs Apt. 016,Hallton,HI,93298,India,2024-06-01,Email
98,Kristina,Jackson,davidwilliamson@yahoo.com,8622546704,984 Arthur Neck,Alexandraview,IN,54409,Australia,2024-01-13,Email
99,Patricia,Branch,gordonrose@king-gill.com,(688)720-2979x39944,36214 Stuart Throughway Apt. 335,Steventon,MT,89701,India,2024-03-28,Email
100,Jacob,Thomas,groberts@yahoo.com,248-735-7684x61190,53049 Lee Squares Suite 870,Lake Erica,MI,36551,Japan,2023-10-27,Phone
101,Linda,Silva,david34@jackson.com,143-209-2490,734 Miguel Hills,Kingborough,FL,56619,Japan,2023-09-04,Email
102,Scott,Molina,alyssacollins@yahoo.com,866-283-9973x833,760 Keith Junction,Lake Brian,TN,5078,Australia,2024-05-30,Mail
103,Benjamin,Bailey,louishall@hotmail.com,999-673-2939,04467 Jackson Square,North Mirandaberg,WA,99821,South Africa,2024-05-04,Mail
104,Christopher,Cole,jkline@long-austin.com,(258)404-4502,342 Kelsey Skyway Apt. 998,Port Andre,NH,76488,Germany,2023-09-05,Phone
105,Sharon,Garcia,drobles@wolf.com,(854)121-3000x138,169 Miller Crest Apt. 006,East Lisa,OK,11184,Germany,2023-12-31,Phone
106,John,Parker,rhorton@gmail.com,101.240.3056x657,33666 Brown Ramp Suite 241,Shermantown,MI,96784,Brazil,2023-11-03,Phone
107,Thomas,Chandler,thompsonconnor@yahoo.com,+1-767-587-2668,116 Browning Curve Suite 465,East Codybury,MT,67329,Germany,2023-12-27,Email
108,Bonnie,Alvarado,rbrown@hotmail.com,549.623.8285x137,4780 Powell Hollow Suite 700,West Matthew,AR,24917,UK,2023-11-02,Mail
109,Mary,Parker,brandonjohnston@mckinney.com,(251)172-0788x87222,70835 Long Lodge Apt. 629,South Bryan,LA,45595,Australia,2024-01-14,Email
110,Michael,Smith,aoconnor@hotmail.com,+1-374-812-2553x035,58791 Joyce Prairie Suite 641,Port Courtney,PA,6061,Canada,2024-06-19,Mail
111,Calvin,Nelson,wrightjoann@mack.com,(695)159-0895x13543,8181 Christine Field,Gonzalezmouth,FL,39546,France,2024-02-01,Email
112,Christina,Perez,ldorsey@mcgee-hall.com,176.463.2081,927 Alexandra Spur Suite 330,New Leon,KS,31234,Italy,2024-07-20,Mail
113,Jacob,Sanchez,amberwright@liu.com,495-750-5997x902,88009 Joe Turnpike,Lake John,KS,26659,Brazil,2024-03-29,Mail
114,April,Berry,scottreyes@yahoo.com,(201)540-1002x655,013 Ramirez Stravenue,Williamsburgh,DC,37074,UK,2023-10-29,Email
115,Hannah,Cobb,ysmith@hotmail.com,164-437-0609,1357 Raymond Route,Wallaceberg,TX,21044,Canada,2023-08-25,Email
116,Samuel,Kelly,dporter@yahoo.com,3304852626,5701 Christine Curve,Andreaview,MN,35758,Japan,2024-06-26,Email
117,Jessica,Bush,dlee@gmail.com,6518660212,3810 Richard Squares,Woodsside,WY,47709,Germany,2023-10-05,Email
118,Charles,Reilly,john76@yahoo.com,(745)551-9282,90079 Karen Loop,East Richard,IL,98406,France,2023-11-24,Phone
119,Albert,Joyce,tberger@garza.com,(901)928-3436x522,282 Duncan Junctions,East Holly,AR,84380,Italy,2024-04-23,Email
120,Caitlin,Lara,holly12@yahoo.com,+1-799-263-4893x531,30576 Seth Pike,West Emma,NE,51809,Australia,2023-09-07,Phone
121,Jessica,Torres,travismartinez@marshall.com,485-958-7740x9248,760 Sharon Springs,Lake Barbara,AZ,73970,India,2024-01-13,Mail
122,Eric,Warner,johnyoung@hotmail.com,+1-614-499-9140,1872 Jeffrey Lake,Stevemouth,VT,50940,South Africa,2023-11-16,Phone
123,Terri,Ruiz,ksalinas@gmail.com,764-778-9848x394,560 Deleon Turnpike,East Elizabeth,RI,71162,Germany,2023-09-17,Email
124,Carolyn,Garcia,avalencia@proctor-lindsey.com,001-374-452-7041,749 Devon Keys Apt. 172,New Joshualand,DE,21863,Japan,2023-09-29,Mail
125,Michael,Garcia,pamelarobinson@huynh.info,(324)884-4670x64105,5744 Harris Burg,Stephaniebury,NH,30166,India,2023-10-15,Phone
126,Andrea,Johnson,dnicholson@moore-roberts.com,(292)447-5480x20482,2414 Pittman Corners,West Justinside,NM,41229,France,2024-01-28,Mail
127,Suzanne,Garcia,jacobbray@williams.com,865.125.7937x0587,42846 Maldonado Crossing,New Erin,SC,59957,Brazil,2024-05-12,Phone
128,Kenneth,Hill,olsonrobin@monroe.com,531.827.6259x766,865 Walters Village,West Sara,KS,74096,South Africa,2024-08-14,Mail
129,Maria,Reyes,maryweber@duncan-adams.com,+1-002-501-2590,91827 Gibson Prairie Suite 518,West Maryside,AR,80235,UK,2023-09-05,Email
130,Donna,Hanson,christian26@hotmail.com,+1-534-358-7621x30330,1449 Shannon Motorway Apt. 357,South Jean,KY,30029,South Africa,2023-10-22,Phone
131,George,Boyer,graymeghan@hotmail.com,001-296-941-1755x2423,666 Harris Meadows Suite 973,Stephanieborough,VA,16112,India,2024-07-01,Email
132,Michael,Thompson,allison57@larsen.org,+1-440-161-0840x86728,92804 Robles Mall,Francesshire,TN,41378,Germany,2023-11-13,Phone
133,Robert,Reynolds,sharon78@hotmail.com,248.864.0970,050 Wagner Rapid Apt. 262,Dayville,MN,26268,Italy,2023-08-28,Mail
134,Jamie,Hubbard,cruzdavid@bailey.com,666-700-2175x3631,5842 Randolph Rapid,South Andrea,MO,20043,Australia,2023-12-27,Mail
135,Randy,Jones,bruce40@ross.info,8084173792,7971 Patel Village Suite 927,Dawnview,ND,73193,Italy,2024-08-16,Phone
136,Kelsey,Hill,sanchezmitchell@daniels.info,806.161.2887x73231,52166 Proctor Mountain Suite 268,Jameston,CT,50574,UK,2023-10-06,Mail
137,Stacey,Duncan,kellyjeffrey@lawson-williams.org,495.761.4648,389 Eric Isle Suite 662,Clarkberg,LA,53748,Japan,2024-07-20,Phone
138,Stephanie,Walker,favila@yahoo.com,385-248-9900x452,47858 Benjamin Fort,Collierburgh,HI,2196,Australia,2024-04-24,Mail
139,Ryan,Wiggins,davidward@yahoo.com,+1-783-866-4263,317 Andrea Locks Apt. 012,South Robertfort,ND,14413,Brazil,2023-09-11,Mail
140,Tamara,Turner,curryjerry@jacobs.com,(464)689-2655x498,61878 Flynn Meadows Apt. 239,South Gregshire,KY,89284,UK,2024-07-08,Email
141,Elizabeth,Mckinney,ithomas@hotmail.com,357-609-8819,42623 Rosario Stream,South Joanton,WA,83828,Japan,2024-04-18,Email
142,Mark,Woods,dorisallen@burke.org,5626935269,09310 Denise Hills Suite 413,New Shelby,AK,30302,India,2023-10-15,Email
143,William,Franco,brandon76@bryant.com,(116)999-1303,85178 Autumn Dam,Bondside,ID,88160,France,2023-09-16,Email
144,Judith,Reynolds,parsonssusan@gmail.com,001-753-188-9176x6643,581 Morgan Via,Davidsonshire,AK,82444,France,2024-08-12,Email
145,Jason,Kaufman,paul29@yahoo.com,996.386.8481,38091 Miller Plaza Suite 587,Lake Andrewfort,TX,16269,Canada,2023-12-11,Phone
146,Crystal,Hampton,derekriddle@williams-martin.info,001-235-557-7122x10870,269 Adams Ways Suite 303,Lake Brandonfurt,LA,93142,Canada,2023-12-08,Mail
147,Rachel,Olson,edwardsfrank@gmail.com,(047)082-8482x471,94124 David Parkways Apt. 080,Veronicamouth,AZ,51955,Japan,2024-01-03,Email
148,Jonathan,Chapman,charlesvelez@chase.com,112.786.2422,91760 Christopher Lodge Suite 102,East Sherylport,HI,72147,South Africa,2023-11-14,Email
149,Danielle,Ramirez,keith31@hotmail.com,258-886-1145,02312 Melody Road Apt. 219,Riveraton,DC,85964,Germany,2024-02-26,Phone
150,Cameron,Yang,beckercindy@yahoo.com,(175)400-1309,222 Michelle Mountain Apt. 350,Port Sandra,AK,98617,France,2023-11-25,Email
151,David,Scott,matthew26@shannon.com,+1-059-100-7406x13483,96022 Rogers Ville Apt. 702,Simmonshaven,MI,78774,Canada,2024-01-28,Mail
152,Danny,Becker,angelacarr@yahoo.com,3585698557,991 Paige Club Suite 756,New Karenville,CO,45137,Canada,2023-11-04,Mail
153,Matthew,Gill,nicole57@mendoza-smith.com,001-862-229-5268x2417,26264 Matthew Lights Apt. 387,West Samantha,NC,34572,Germany,2023-12-07,Mail
154,Brenda,Brown,edwardstommy@hotmail.com,001-379-233-8072x000,521 Short Mews,Jamiemouth,GA,28729,UK,2024-03-31,Email
155,Anna,Wise,robinsonann@gmail.com,003.059.4981,592 Jones Ranch Suite 921,Allisonchester,FL,86756,Japan,2024-06-15,Phone
156,Heather,Kaiser,colin36@gmail.com,4444147499,1318 Misty Fords Suite 172,Youngshire,TN,14507,South Africa,2024-01-28,Email
157,Ryan,Ramos,james49@yahoo.com,809.790.6347,003 Smith Views Apt. 648,North William,FL,84634,India,2024-08-07,Phone
158,Richard,Ball,nelsonannette@hotmail.com,(894)104-0139x51482,701 Stevens Knolls Suite 522,Rhondaton,NH,25723,Australia,2024-07-15,Mail
159,Justin,Johnson,itanner@yahoo.com,(179)487-5466x87260,703 Kelley Vista Suite 708,New Alexischester,CO,59669,Brazil,2024-04-14,Email
160,Vincent,Jackson,parsonsrichard@davis.com,001-433-475-2367,06719 Frank Path,Lake Andreaport,NV,64503,France,2023-09-05,Mail
161,Eric,Lane,mary65@calderon-williams.org,717-813-2501x6375,4768 Brown Estate Suite 387,East Earl,NC,18136,Canada,2024-01-22,Email
162,Rebecca,Schwartz,katherine37@hotmail.com,404-528-0710,836 Spence Curve Apt. 575,Rushhaven,NM,63592,UK,2023-11-15,Email
163,Thomas,Davila,bbell@brown.biz,7099527114,94856 Palmer Motorway Suite 648,Youngview,MS,24012,South Africa,2023-10-22,Email
164,William,Brown,andrew21@yahoo.com,001-223-829-0177,3781 Eric Meadows Suite 257,Port Robert,IN,12181,Italy,2024-07-07,Email
165,Joshua,Simmons,sotobrian@yahoo.com,549-451-5308,1797 Jessica Bypass Apt. 961,Lake Williamport,IA,27421,France,2024-04-16,Email
166,Briana,Phillips,kramercynthia@gmail.com,(569)961-5315,8063 Calderon Street,Daughertyton,OH,79044,India,2023-10-28,Email
167,Micheal,Keller,ocook@arroyo-myers.com,172-014-9796x4124,64587 Aaron Club Suite 181,Ambermouth,MI,22570,Canada,2024-01-19,Email
168,Scott,Calderon,thomas64@gmail.com,0265745746,28971 Whitaker Bypass,East Laurachester,AK,88881,Germany,2024-07-24,Mail
169,Julie,Webster,gjensen@russell-holmes.biz,+1-890-415-1867x959,544 Johnston Keys Apt. 048,Port Amandaview,AR,36270,UK,2024-04-09,Email
170,Nicole,Johnson,dmelendez@gmail.com,(888)794-9400,4002 Mendoza Circle Suite 677,South Seth,DC,32924,Brazil,2024-03-13,Phone
171,Ryan,Glover,melissa87@gutierrez.com,914.337.5209,6953 Chandler Court Apt. 927,East Ritaberg,VT,86661,Australia,2024-04-27,Phone
172,Mark,Harmon,david29@gmail.com,380-336-6370x3852,169 Green Manors,Cynthiaton,UT,64219,UK,2024-06-10,Mail
173,William,Williams,madison47@tran-gordon.com,001-664-559-5683,7884 Shepard Road Suite 631,Nicholasstad,KS,34690,Brazil,2023-11-10,Mail
174,Tara,Gray,jacobsonstephanie@hotmail.com,542-127-4534,120 Kimberly Fort,New Heatherhaven,AZ,97980,Canada,2023-09-20,Email
175,Michael,Lawson,alicia99@gmail.com,+1-474-311-6933x237,34911 Smith Spur Suite 934,Lake David,CT,26221,South Africa,2023-10-31,Email
176,Tracy,Jenkins,brownmelissa@yahoo.com,001-292-661-7253x980,0947 Tammy Parks Apt. 299,Watersville,MT,89840,Canada,2024-06-19,Phone
177,Yvette,Carpenter,farroyo@yahoo.com,(285)915-0413x03751,720 Tracy Curve,Rodneyland,ID,53877,Germany,2024-03-26,Mail
178,Lucas,Bond,shane44@soto.com,+1-891-670-0582,2578 Guerra Land Suite 028,Port Monicahaven,LA,52178,UK,2024-03-11,Email
179,Robert,Harris,deborahflores@hotmail.com,(418)358-5376x032,053 Allison Summit,North Jennifer,CA,41066,Canada,2024-02-20,Mail
180,Kathryn,Kelly,jaybrown@fernandez.org,001-091-064-9055x1353,870 Terri Prairie,East Julia,CT,66161,Brazil,2023-09-22,Mail
181,Kathy,Miller,alejandro79@gmail.com,+1-107-718-8979x8027,397 Fernando Stream,Jacksonfort,ID,88044,Italy,2023-10-22,Email
182,Sharon,Mendoza,uthomas@hotmail.com,+1-552-473-9071x35000,329 Russo Circles,East Richard,ID,18232,Italy,2024-04-02,Phone
183,Michael,Richardson,aanderson@rodriguez-rivera.biz,+1-036-804-5755x039,557 Jason Brook,East Kylieton,ND,91394,Australia,2023-12-01,Phone
184,Anthony,Fuller,shawnanderson@yahoo.com,191-583-6500x41909,388 Johnny Highway,North Trevortown,WI,42814,Japan,2024-03-09,Mail
185,Kelly,Morse,lisa68@miller-howard.com,(644)390-3085x12879,9309 Morris Dam,Port Stephaniemouth,NY,10891,Japan,2023-12-09,Phone
186,Terrence,Garcia,juliaharris@gmail.com,(737)013-3967x226,223 Booth Shoal,West Heidifort,SC,22105,India,2024-05-26,Mail
187,Christina,Stafford,waynekeith@harvey.com,3430226102,42610 Cynthia Springs,South Scott,MD,24891,Germany,2023-08-19,Mail
188,Danielle,Munoz,brian18@caldwell.com,+1-482-652-9518x696,6408 Rachel Crest,Paulfurt,RI,3263,UK,2023-11-01,Phone
189,Samantha,Yates,tromero@williams.com,001-884-719-0602,71013 Murphy Track Suite 282,Port Jenniferbury,KY,69826,South Africa,2024-05-14,Phone
190,Denise,Matthews,brandonking@hoffman.com,7251072480,792 Torres Glen,West Anne,KS,31325,Australia,2023-10-02,Email
191,Ryan,Chambers,brianna28@clark.info,(582)407-2153x082,282 Vazquez Ville,Daltonton,MT,20402,South Africa,2024-02-05,Mail
192,William,Thomas,jonesamy@oconnell.org,287-808-3315,762 James Mountain Suite 505,Port Timothyfort,VA,83954,Germany,2024-08-11,Mail
193,Ashley,Tyler,danielbrenda@hancock.com,1253304462,3596 Crystal Cove Apt. 911,Gwendolynborough,WA,76906,France,2023-09-22,Email
194,John,Mullins,haleyorozco@gmail.com,395.079.3661x3486,9066 Meyers Terrace Suite 070,Rosshaven,NJ,84976,Japan,2024-06-21,Phone
195,Angela,Williams,seanwilliams@blackburn-jones.com,440.771.0649x7382,60502 Jason Walk Suite 618,Deniseport,AK,70048,France,2023-12-14,Email
196,Mario,Bailey,robertgomez@williams.com,734.559.2489,17521 Brock Plains Apt. 235,North Jacobfurt,WV,91237,UK,2023-10-17,Mail
197,Jason,Miles,richard90@gmail.com,257-842-3453,0540 Salazar Courts,Karenmouth,NM,12403,Brazil,2024-01-13,Mail
198,Scott,Simmons,victorschmidt@yahoo.com,384-444-9228x155,8375 David Highway,Lake Emilymouth,WI,48894,Australia,2023-11-04,Phone
199,Michael,Jenkins,xmarshall@gmail.com,001-152-415-0572,0343 Brooke Via Apt. 354,New Ryanchester,RI,49665,India,2023-12-31,Phone
200,Stephanie,Flores,pburton@bond.com,001-429-442-4242x3147,29260 Dakota Lights,Lake Victor,AK,20670,Japan,2023-11-29,Phone
